Protein	Mutation position	Query	Type	Title	coordinates	complete size	mapped size	source domain
NELON_RS02245 	20	Q#11 - WP_040665565.1	generic	active site	T19,N20,G21,H22,S133,S134,T135,L136	8	8	173914
NELON_RS02245 	20	Q#11 - WP_040665565.1	generic	HIGH motif	T19,N20,G21,H22	4	4	173914
NELON_RS01675 	102	Q#28 - WP_003772431.1	specific	Switch II region	G78,Y79,G80,Y81,V88,R89,Q90,H91,W92,V93,T94,L95,L96,G97,D98,Y99,L100,Q101,T102,Q105,L106	21	21	206665
NELON_RS10960 	668	Q#48 - WP_003769404.1	specific	GyrA_CTD repeat	H620-I669	37	50	-
NELON_RS10960 	684	Q#48 - WP_003769404.1	specific	GyrA_CTD repeat	C673-T719	41	47	-
NELON_RS10960 	705	Q#48 - WP_003769404.1	specific	GyrA_CTD repeat	C673-T719	41	47	-
NELON_RS10960 	743	Q#48 - WP_003769404.1	specific	GyrA_CTD repeat	E722-A766	35	45	-
NELON_RS04435 	230	Q#58 - WP_003774523.1	specific	substrate binding site	K20,L51,G83,N104,T105,A129,D131,G148,T175,D180,G181,S205,G206,G207,A229,S230	16	16	240082
NELON_RS04435 	72	Q#58 - WP_003774523.1	specific	glutamase interaction surface	N41,D46,E68,S72,F75,P77,A96,D99,K100,Q124,E171,D199,D224	13	13	240082
NELON_RS09015 	31	Q#76 - WP_041961492.1	specific	dimer interface	L16,V17,E18,V31,F37,P39,M81,A84,K100,E101,M104,L105,A108,F109,R165,D166,A257,E258,K259,G261,I262,L263,L288,E298,L301	25	25	107204
NELON_RS06835 	167	Q#87 - WP_040665762.1	specific	homodimer interface	R58,A90,A91,F96,A97,W99,E100,I103,E104,V107,L108,A111,Y112,R115,L118,T122,A136,G137,T138,Y139,P140,Y141,P142,G143,G144,N145,V146,G148,A149,T150,A152,F153,Q156,F157,N160,L161,A163,D164,Q166,G167	41	40	187604
NELON_RS09640 	246	Q#92 - WP_003770064.1	specific	dimer interface	F237,R240,E246,P247,G249,Y250,G251,L264,Y269,R275,S297,D299,I335,Y337,E338,V343,R345	17	17	143500
NELON_RS01075 	643	Q#105 - WP_041961240.1	specific	beta and beta' interface	E18,E19,F20,D21,A22,I23,K24,I25,G26,A28,T32,S35,W36,S37,Y38,R50,F52,K69,R80,K99,V100,R102,E103,R104,M105,H116,W118,M242,P246,L248,D251,L252,P254,V256,D259,G260,L310,L330,M333,I334,R340,F341,R342,Q343,N344,L345,L346,G347,K348,R349,V350,D351,Y352,S353,G354,R355,S356,V357,I358,T359,V360,P362,K374,M375,E378,L379,P382,F383,F385,H386,K401,N427,T431,R434,L435,I437,Q438,K448,A449,P454,D463,F464,D465,Q468,H472,V473,P474,L475,S476,L477,E478,A479,E482,L486,M487,N492,S506,Q507,D508,L511,Y515,K520,F632,G633,A635,A636,K637,G638,G639,I640,S641,I642,C643,V644,D645,D646,F722,M728,R734,Q739,Q742,L743,R747,K752,P753,T760,F766,R767,E768,G769,L770,S771,V772,L773,Y775,F776,T779,H780,A782,R783,K784,L786,A787,D788,A790,L791,R801,V804	148	148	259845
NELON_RS09635 	215	Q#112 - WP_003770063.1	specific	dimer interface	S185,H196,I197,A198,Y199,N205,V207,H208,T211,P212,L214,A215,T218,G233,Q235,I236,S237,N238,I239,N240,G241,G242,I249,P250,N258,R260,G325	27	27	193511
NELON_RS06260 	27	Q#124 - WP_041961406.1	specific	hexamer interface	F23,L24,P25,H26,A27,N37,K39,I41,T43,S45,E65,G67,L69,P70,A71,S72,T73,A74,R76,R79,E80,G88,R89,Q91,E92,R95,R99,R102,L116,D118,D120,I122,Q123,A124,K199,I200,I201,E202,I203,G205,A207,E208,G209,A210,P211,F212,F214,L217,A218,I221,K222,Q225	52	52	206767
NELON_RS01915 	144	Q#131 - WP_003773321.1	specific	GTP/Mg2+ binding site	N116,K117,D119,L120,S144,A145,G168,M169,G170,K171,S172,T173	12	12	206747
NELON_RS01915 	94	Q#131 - WP_003773321.1	specific	GTPase/Zn-binding domain interface	E94,M95,Q98,R99,L101,L102,E105,A106,Y138,D232,Y236,P238,R275,F278,I282	15	15	206747
NELON_RS01915 	144	Q#131 - WP_003773321.1	specific	G5 box	S144,A145,L146	3	3	206747
NELON_RS06085 	60	Q#133 - WP_003770654.1	specific	nudix motif	G43,S44,L45,E46,A47,G48,E49,T50,Q53,A54,A55,L56,R57,E58,V59,A60,E61,E62,T63,G64,I65	21	21	240022
NELON_RS10545 	163	Q#153 - WP_003773780.1	specific	active site	Q60,D61,Y63,H64,P83,P84,S85,G162,S163,P183,H184,S186,P187,L188,S189	15	15	198425
NELON_RS10545 	163	Q#153 - WP_003773780.1	specific	UGI interface	Q60,Y63,H64,G65,P83,P84,S85,Q129,A130,G162,S163,H184,S186,P187,L188	15	15	198425
NELON_RS02290 	122	Q#163 - WP_003769885.1	specific	substrate binding site	Y122,K137,R138,L139,T140,I141,P142,G212,E236	9	9	199909
NELON_RS02290 	140	Q#163 - WP_003769885.1	specific	substrate binding site	Y122,K137,R138,L139,T140,I141,P142,G212,E236	9	9	199909
NELON_RS02290 	236	Q#163 - WP_003769885.1	specific	substrate binding site	Y122,K137,R138,L139,T140,I141,P142,G212,E236	9	9	199909
NELON_RS00290 	129	Q#169 - WP_003770227.1	specific	core domain interface	K5,K10,N16,I20,A23,M24,M26,V27,S30,K31,K86,L88,C89,G90,G91,S121,K122,T125,T126,R129,A255,N258,A259,A262,L268,N271,K272,R274,Q275,I278,T279,L282,E284,I285,V286,A287,G288,A289	38	38	213394
NELON_RS02145 	138	Q#172 - WP_003769809.1	specific	dimer interface	L71,I75,R103,A110,P138,A139,R141,S142,L143,R146,N188,K189,V194	13	13	238692
NELON_RS02145 	58	Q#172 - WP_003769809.1	specific	tetramer (dimer of dimers) interface	T29,K55,S58,A59,E68,T70,G97,G98,R158,V159,I162,D164,E168	13	13	238692
NELON_RS02145 	68	Q#172 - WP_003769809.1	specific	tetramer (dimer of dimers) interface	T29,K55,S58,A59,E68,T70,G97,G98,R158,V159,I162,D164,E168	13	13	238692
NELON_RS09070 	263	Q#180 - WP_003775343.1	specific	dimer interface	M40,F41,T42,F43,D44,P45,G46,F47,V48,S49,T50,A51,S52,C53,E54,S55,K56,T58,R70,G71,Y72,P73,Q76,Q80,E85,G93,E94,L95,P96,A98,K101,E102,V105,N106,Q117,W120,F121,R123,G124,F125,A129,A133,G137,G140,S143,A144,F145,H230,E231,Q232,N233,A234,S237,T238,A242,S245,G246,A247,N248,A251,A258,S259,W261,G262,P263,S264,H265,G266,A268,N269,R305,V306,K405,G407,R408,P409,R410,Q411,L412,Y413,T414,G415	82	82	99867
NELON_RS08255 	263	Q#181 - WP_040666193.1	generic	dimer interface	M40,R42,G47,E98,F102,A103,Y106,L107,L110,G113,V114,L116,L127,H128,F131,A207,P256,I259,L260,G263,Y266,T267,V270	25	23	119348
NELON_RS01835 	79	Q#183 - WP_041961266.1	specific	ATP binding site	I30,V34,N38,V49,T51,P79,V101,S102,C103,L104,D189,D193,N194,L196,I206,D207	16	16	270702
NELON_RS01835 	79	Q#183 - WP_041961266.1	specific	putative active site	I30,G33,V34,T35,N38,V49,T51,P79,V101,S102,C103,L104,D189,F191,D193,N194,L196,I206,D207,Y210,N225,D226,R229	23	23	270702
NELON_RS07925 	185	Q#190 - WP_041961450.1	specific	pyridoxal 5'-phosphate binding site	T84,G85,M86,F110,D182,F185,S204,T206,K207	9	9	99738
NELON_RS08450 	113	Q#210 - WP_003773682.1	specific	dimer interface	H41,G43,R60,W62,Y64,A69,T108,F109,Y110,T111,P113,F115,C116,D117,E118,K119,E140,F141,E143,I156,R157,K165,G169,H172	26	24	239516
NELON_RS08450 	84	Q#210 - WP_003773682.1	specific	nudix motif	G76,K77,L78,D79,G81,E82,D83,P84,A85,T86,C87,A88,L89,R90,E91,L92,A93,E94,E95,T96,P97,Y98	22	22	239516
NELON_RS01140 	53	Q#213 - WP_003771309.1	specific	heterotetramer interface	Q53,N54,R55,F56,C57,G87,I122,L123,M183,N187,D224,G225,D226,T227,S306,P307,L308,T311,A312,F314,A315,D317,N319,L320,G321,R322,L324,A325,G328,C329,S330,G331,A349,L392,S393,H394	36	36	239065
NELON_RS03120 	99	Q#216 - WP_003773134.1	specific	homodimer interface	A95,F96,P97,L99,D101,W104,D105,L108,L112,D113,Y116,N117,H120,V123,M124,I127,G143,L144,V145,G146,N147,R148,G149,Q150,V151,S154,A155,A158,G159,G162,A163,K165,A166,L167,V169,E170	36	36	187594
NELON_RS03120 	99	Q#216 - WP_003773134.1	specific	homotetramer interface	A21,D25,R68,N94,A95,F96,P97,L99,E100,D101,W104,D105,L108,L112,D113,Y116,N117,L119,H120,V123,M124,I127,L144,V145,G146,N147,R148,G149,Q150,V151,S154,A155,A158,G159,G162,A163,K165,A166,L167,A168,V169,E170,A172,K173,L185,I204,P205,A206,R208,M209,G210,L211,E214,H217,A218,R220,F221,E225,A228,Y229,I230,T231,R232,Q233,V234,I235,A236,V237,N238,G239,G240,C242	72	72	187594
NELON_RS07955 	123	Q#220 - WP_041961451.1	specific	CAP-like domain	V38,G39,R40,A41,L42,P43,D44,V45,R46,D47,G48,L49,K50,P51,V52,H53,R54,R55,V56,L57,Y58,A59,M60,H61,E62,L63,K64,N65,A70,Y71,K72,K73,S74,A75,R76,I77,V78,G79,D80,V81,I82,G83,K84,Y85,H86,P87,H88,G89,D90,S91,A92,V93,Y94,D95,T96,I97,V98,R99,M100,A101,Q102,D103,F104,S105,M106,R107,Y108,V109,L110,I111,D112,G113,Q114,G115,N116,F117,G118,S119,D121,G122,D123,G124,A125,A126,A127,M128,R129,Y130,T131,E132,I133,R134,M135,A136,K137,I138,A139,E141,M142,L143,A144,D145,I146,E147,E148,E149,T150,V151,N152,F153,G154,P155,N156,Y157,D158,G159,S160,E161,H162,E163,P164,L167	122	122	238111
NELON_RS07955 	123	Q#220 - WP_041961451.1	specific	GyrA_CTD repeat	E549-N596	32	48	-
NELON_RS07955 	123	Q#220 - WP_041961451.1	specific	GyrA_CTD repeat	D599-R649	42	51	-
NELON_RS07955 	123	Q#220 - WP_041961451.1	specific	GyrA_CTD repeat	Q655-T699	37	45	-
NELON_RS07955 	123	Q#220 - WP_041961451.1	specific	GyrA_CTD repeat	D703-A788	41	86	-
NELON_RS07955 	123	Q#220 - WP_041961451.1	specific	GyrA_CTD repeat	A791-V843	35	53	-
NELON_RS07955 	795	Q#220 - WP_041961451.1	specific	GyrA_CTD repeat	A791-V843	35	53	-
NELON_RS07955 	123	Q#220 - WP_041961451.1	specific	GyrA_CTD repeat	D847-A894	41	48	-
NELON_RS10200 	151	Q#232 - WP_003772984.1	specific	homodimer interface	V90,E92,P93,I94,Y97,D98,V101,S102,L105,V106,A108,E109,A112,P148,T151,M155,R158,I159,T161,D162,I163	21	21	187558
NELON_RS07545 	11	Q#263 - WP_040666459.1	specific	tetramer interface	L10,T11,L14,S17,V18,D47,L48,K195,N196,C265,L268,K269,F272,R276,S277,I278,A311,N312,M313,N314	20	20	107205
NELON_RS09975 	93	Q#278 - WP_003772951.1	specific	NAD binding site	G13,M14,I15,S19,I20,V40,C63,D64,V65,A91,I92,A93,F94,V119,L145,S146,Y147,Y157,K164,A190,G191,P192,I193,T195,L196,A197,A198	27	27	187630
NELON_RS09975 	93	Q#278 - WP_003772951.1	specific	substrate binding site	A93,A95,Y147,Y157,M160,K164,A197,A198,I201,F204	10	10	187630
NELON_RS09975 	66	Q#278 - WP_003772951.1	specific	homodimer interface	V65,Q66,S67,D68,D103,F104,L105,D106,I108,S109,R110,F113,N114,H117,D118,A121,Y122,P125,V128,K129,R132,G149,A150,R152,A153,I154,Y157,N158,G161,L162,A165,S166,A169,A170,R172,F173,T174,S176,S177,V178	40	40	187630
NELON_RS09975 	66	Q#278 - WP_003772951.1	specific	homotetramer interface	E30,V65,Q66,S67,D68,I71,D103,F104,L105,D106,I108,S109,R110,F113,N114,H117,D118,A121,Y122,P125,K129,R132,G149,A150,R152,A153,I154,P155,Y157,N158,G161,L162,A165,S166,A169,A170,R172,F173,T174,A175,S176,S177,G179,R180,L207,H210,P216,L217,G218,R219,E225,N228,A229,F232,L237,S239,G240,I241,T242,G243,E244,I245,T246,Y247,V248,D249,G250,G251,S253,I254,N255,A256	72	72	187630
NELON_RS10890 	18	Q#284 - WP_040665505.1	specific	trimer interface	Y18,D20,A22,A23,I26,W38,A41,V42,R44,D46,D60,G61,H65,H89,R90,A91,V92,H94,M106	19	19	100051
NELON_RS10890 	23	Q#284 - WP_040665505.1	specific	trimer interface	Y18,D20,A22,A23,I26,W38,A41,V42,R44,D46,D60,G61,H65,H89,R90,A91,V92,H94,M106	19	19	100051
NELON_RS00490 	177	Q#288 - WP_040666545.1	specific	S8 interaction site	A177,K178,G180,E194,G195,V196,K197	7	7	100106
NELON_RS09815 	74	Q#308 - WP_041961521.1	specific	dimer interface	V6,I7,L8,I9,T34,S35,E36,E51,H53,Q74,S83,R94,Y97	13	13	239942
NELON_RS09815 	74	Q#308 - WP_041961521.1	specific	tetramer (dimer of dimers) interface	Q74,Y76,E78,K105	4	4	239942
NELON_RS00780 	255	Q#309 - WP_003775385.1	specific	Switch I region	G239,D240,D241,I242,A243,I244,V245,T246,D247,I248,A249,G250,T251,T252,R253,D254,T255	17	17	206727
NELON_RS06740 	120	Q#314 - WP_003771475.1	specific	TPR repeat	V108-F136	28	29	-
NELON_RS10695 	81	Q#321 - WP_003769554.1	specific	S-adenosylmethionine binding site	V75,G76,S77,G78,G79,G80,M81,D99,A100,G125,R126,V127,R141	13	13	100107
NELON_RS07000 	324	Q#327 - WP_003771562.1	specific	Switch II region	G302,F303,V304,R305,D306,L307,P308,H309,G310,L311,V312,A313,A314,F315,S316,A317,T318,L319,E320,E321,T322,A323,L324,A325	24	24	206666
NELON_RS10335 	163	Q#352 - WP_003773895.1	specific	active site	G21,N22,F23,D24,H27,H30,D128,S155,A163,S164,S165	11	11	185679
NELON_RS00850 	110	Q#374 - WP_003775163.1	specific	S-adenosylmethionine binding site	V60,G61,C62,G63,G64,G65,I66,D83,L84,V109,S110,V111	13	12	100107
NELON_RS02775 	279	Q#381 - WP_004565793.1	specific	SulA interaction site	I209,N210,D212,L274,K275,M276,Y279	7	7	276961
NELON_RS10330 	83	Q#409 - WP_003773897.1	specific	conserved gate region	L72,F73,R74,G75,T76,P77,L78,F79,V80,Q81,I82,F83,I84,W85,Y86,K187,D188,S189,S190,L191,L192	21	21	119394
NELON_RS10330 	83	Q#409 - WP_003773897.1	specific	dimer interface	S66,L67,L68,Y69,T71,L72,F73,R74,G75,T76,P77,L78,F79,V80,F83,I84,Y86,A126,N127,T129,Y131,E134,I135,R137,L141,S142,K145,M162,P176,P177,N180,K187,D188,S189,S190,S193,S194,I207,S208,L218,Y219,A222,L223,Y225,L226,T229,I230	54	47	119394
NELON_RS10330 	230	Q#409 - WP_003773897.1	specific	dimer interface	S66,L67,L68,Y69,T71,L72,F73,R74,G75,T76,P77,L78,F79,V80,F83,I84,Y86,A126,N127,T129,Y131,E134,I135,R137,L141,S142,K145,M162,P176,P177,N180,K187,D188,S189,S190,S193,S194,I207,S208,L218,Y219,A222,L223,Y225,L226,T229,I230	54	47	119394
NELON_RS09990 	74	Q#432 - WP_003772945.1	specific	homodimer interface	Q29,N30,S31,M32,A34,M35,Y46,R48,G74,S75,M77,A78,Y101,D106,T109,T199,D207,L209,N226,G236,M238,D239,K320	23	23	99738
NELON_RS00875 	127	Q#455 - WP_041961229.1	specific	Ligand binding site	A6,V7,N36,D39,L63,L115,G116,Q118,A119,A124,N125,Q126,T127	13	13	238847
NELON_RS02450 	358	Q#458 - WP_003769958.1	specific	subunit interface	N291,P293,G300,V302,L329,P355,G356,H358,D359	9	9	153215
