#Batch CD-search tool	NIH/NLM/NCBI
#cdsid	QM3-qcdsearch-2247B705A5AAED55-27E112190D5C9C35
#datatype	hitsConcise Results
#status	0
#Start time	2019-05-24T15:14:29	Run time	0:00:01:38
#status	success

Query	Hit type	PSSM-ID	From	To	E-Value	Bitscore	Accession	Short name	Incomplete	Superfamily
Q#1 - WP_003769416.1	specific	235388	1	329	0	545.142	PRK05286	PRK05286	 - 	cl30421
Q#2 - WP_003775336.1	specific	130875	26	587	0	1015.84	TIGR01816	sdhA_forward	 - 	cl31143
Q#3 - WP_003772333.1	specific	274043	6	290	2.23294e-141	399.264	TIGR02225	recomb_XerD	 - 	cl28330
Q#4 - WP_040666508.1	specific	235554	6	1133	0	1579.34	PRK05673	dnaE	 - 	cl35362
Q#5 - WP_003772081.1	specific	235310	1	502	0	871.921	PRK04750	ubiB	 - 	cl21453
Q#6 - WP_003771970.1	specific	234984	1	264	0	589.426	PRK01827	thyA	 - 	cl19097
Q#7 - WP_041961494.1	specific	235779	1	476	0	823.79	PRK06327	PRK06327	 - 	cl30684
Q#8 - WP_003774996.1	specific	235473	3	250	1.35398e-140	394.098	PRK05450	PRK05450	 - 	cl11394
Q#9 - WP_003771993.1	specific	224051	1	239	8.28547e-159	439.251	COG1126	GlnQ	 - 	cl34125
Q#10 - WP_003774743.1	superfamily	236981	5	314	3.7809e-168	483.921	cl36057	rlmL superfamily	N	 - 
Q#11 - WP_040665565.1	superfamily	350862	8	164	8.63218e-68	202.696	cl00015	nt_trans superfamily	 - 	 - 
Q#12 - WP_003771390.1	specific	234695	14	239	4.65423e-126	356.368	PRK00230	PRK00230	 - 	cl21457
Q#13 - WP_041961471.1	specific	235422	1	414	0	788.97	PRK05342	clpX	 - 	cl35307
Q#14 - WP_003774163.1	specific	235838	5	284	6.04085e-173	478.901	PRK06596	PRK06596	 - 	cl35497
Q#15 - WP_041961648.1	specific	236760	1	283	0	524.866	PRK10792	PRK10792	 - 	cl35949
Q#16 - WP_040666124.1	specific	99792	14	256	1.46488e-108	312.962	cd06195	FNR1	 - 	cl06868
Q#17 - WP_003772235.1	specific	340358	106	185	2.10106e-26	97.3003	cd00254	LT_GEWL_like	C	cl00222
Q#18 - WP_004565725.1	specific	235547	1	289	0	517.073	PRK05654	PRK05654	 - 	cl23717
Q#19 - WP_003770623.1	specific	235493	33	318	0	573.187	PRK05481	PRK05481	 - 	cl30244
Q#20 - WP_003771929.1	specific	225389	1	267	1.58012e-141	398.356	COG2833	COG2833	 - 	cl00264
Q#21 - WP_040665949.1	specific	235523	1	144	8.54072e-72	211.491	PRK05592	rplO	 - 	cl12022
Q#22 - WP_003775117.1	specific	234649	18	223	4.92503e-97	281.279	PRK00121	trmB	 - 	cl30733
Q#23 - WP_041961252.1	specific	235417	8	347	1.7311e-177	495.446	PRK05337	PRK05337	 - 	cl29895
Q#24 - WP_003773627.1	specific	235288	4	400	0	816.227	PRK04346	PRK04346	 - 	cl00342
Q#25 - WP_003770274.1	specific	223416	1	675	0	912.041	COG0339	Dcp	 - 	cl30790
Q#26 - WP_003773735.1	specific	235844	1	198	1.83094e-47	154.994	PRK06638	PRK06638	 - 	cl21484
Q#27 - WP_003775687.1	superfamily	227341	32	409	0	537.033	cl30609	PilU superfamily	 - 	 - 
Q#28 - WP_003771063.1	specific	234869	9	295	1.22122e-153	430.299	PRK00942	PRK00942	 - 	cl00452
Q#29 - WP_003772431.1	specific	234770	1	196	9.86129e-108	307.043	PRK00454	engB	 - 	cl21455
Q#30 - WP_041961373.1	superfamily	351196	21	254	1.96306e-114	328.131	cl00650	Cu-oxidase_4 superfamily	 - 	 - 
Q#31 - WP_041961407.1	specific	235455	1	146	1.2606e-81	236.471	PRK05422	smpB	 - 	cl00482
Q#32 - WP_040666366.1	superfamily	321418	1	296	1.196e-152	428.892	cl01255	DAGK_cat superfamily	 - 	 - 
Q#33 - WP_003771401.1	specific	274669	3	275	5.27008e-136	386.094	TIGR03596	GTPase_YlqF	 - 	cl37295
Q#34 - WP_003772191.1	specific	181649	6	759	0	1735.62	PRK09103	PRK09103	 - 	cl32350
Q#35 - WP_040665771.1	specific	235976	6	757	0	1404.07	PRK07232	PRK07232	 - 	cl35566
Q#36 - WP_041961288.1	specific	235414	1	333	2.43405e-174	487.297	PRK05331	PRK05331	 - 	cl17212
Q#37 - WP_040665709.1	superfamily	182987	8	267	1.04084e-135	383.663	cl32645	cysE superfamily	 - 	 - 
Q#38 - WP_003770261.1	specific	235362	6	631	0	1154.02	PRK05192	PRK05192	 - 	cl30496
Q#39 - WP_003774164.1	specific	227342	2	773	0	1005.69	COG5009	MrcA	 - 	cl34862
Q#40 - WP_040666485.1	specific	234761	5	349	0	523.532	PRK00436	argC	 - 	cl35098
Q#41 - WP_003770538.1	specific	237894	1	541	0	1093.01	PRK15064	PRK15064	 - 	cl36464
Q#42 - WP_003774339.1	specific	236427	1	483	0	965.409	PRK09246	PRK09246	 - 	cl30413
Q#43 - WP_003773723.1	specific	235603	1	477	1.39327e-162	468.146	PRK05777	PRK05777	 - 	cl29598
Q#44 - WP_003773700.1	superfamily	354834	61	308	1.416e-83	254.22	cl21491	Transpeptidase superfamily	 - 	 - 
Q#45 - WP_003769722.1	superfamily	129820	4	319	1.84801e-139	397.89	cl31028	nifR3_yhdG superfamily	 - 	 - 
Q#46 - WP_003773976.1	specific	235428	1	366	0	595.538	PRK05355	PRK05355	 - 	cl18945
Q#47 - WP_003775007.1	specific	225496	1	205	2.77076e-78	233.451	COG2945	COG2945	 - 	cl21494
Q#48 - WP_003771664.1	specific	235419	1	272	1.59588e-124	355.178	PRK05339	PRK05339	 - 	cl00780
Q#49 - WP_003769404.1	specific	235503	18	756	0	1119.03	PRK05561	PRK05561	 - 	cl35336
Q#50 - WP_041961529.1	specific	225377	74	444	3.85903e-126	370.131	COG2821	MltA	 - 	cl34494
Q#51 - WP_003772071.1	specific	179366	1	329	0	626.913	PRK02102	PRK02102	 - 	cl32020
Q#52 - WP_003773832.1	specific	235839	1	369	0	788.638	PRK06598	PRK06598	 - 	cl29412
Q#53 - WP_003774962.1	specific	236418	1	469	0	713.845	PRK09225	PRK09225	 - 	cl35789
Q#54 - WP_003772343.1	specific	223362	1	431	8.39188e-169	480.221	COG0285	FolC	 - 	cl33827
Q#55 - WP_003775347.1	specific	235571	1	394	0	664.997	PRK05704	PRK05704	 - 	cl35371
Q#56 - WP_003773628.1	specific	225142	4	401	1.53704e-117	349.22	COG2233	UraA	 - 	cl23746
Q#57 - WP_041961484.1	specific	130274	2	287	0	586.667	TIGR01207	rmlA	 - 	cl30774
Q#58 - WP_040665578.1	superfamily	351939	1	178	7.34137e-67	202.127	cl03075	GrpE superfamily	 - 	 - 
Q#59 - WP_003774523.1	specific	234996	3	255	0	502.672	PRK02083	PRK02083	 - 	cl21457
Q#60 - WP_041961461.1	specific	223390	11	288	4.89832e-117	336.87	COG0313	RsmI	 - 	cl00304
Q#61 - WP_003773496.1	superfamily	183211	1	373	9.16923e-80	249.306	cl32708	PRK11578 superfamily	 - 	 - 
Q#62 - WP_003774327.1	specific	223769	8	293	4.79451e-13	67.5841	COG0697	RhaT	 - 	cl34009
Q#63 - WP_003770088.1	superfamily	183226	3	371	1.23163e-176	495.51	cl32712	potG superfamily	 - 	 - 
Q#64 - WP_003772320.1	specific	235332	6	362	0	641.494	PRK05031	PRK05031	 - 	cl30710
Q#65 - WP_003774251.1	specific	234616	6	199	2.53373e-95	275.432	PRK00076	recR	 - 	cl29449
Q#66 - WP_003740869.1	specific	234614	1	521	0	1078.14	PRK00074	guaA	 - 	cl35057
Q#67 - WP_040666367.1	specific	234737	1	401	0	569.705	PRK00366	ispG	 - 	cl29317
Q#68 - WP_003772551.1	specific	235404	1	205	3.11017e-108	308.558	PRK05319	rplD	 - 	cl00325
Q#69 - WP_004565735.1	specific	180009	3	452	0	825.185	PRK05313	PRK05313	 - 	cl09939
Q#70 - WP_003770886.1	superfamily	183082	1	273	8.75157e-86	257.616	cl32673	PRK11302 superfamily	 - 	 - 
Q#71 - WP_003775338.1	specific	235652	5	235	1.13307e-162	448.474	PRK05950	sdhB	 - 	cl35412
Q#72 - WP_041961416.1	specific	236585	1	350	0	528.1	PRK09604	PRK09604	 - 	cl29543
Q#73 - WP_003774994.1	superfamily	130153	3	458	0	760.529	cl31060	mpl superfamily	 - 	 - 
Q#74 - WP_003771512.1	specific	235035	11	351	0	527.379	PRK02406	PRK02406	 - 	cl35180
Q#75 - WP_003771162.1	specific	235691	4	195	4.26752e-95	274.478	PRK06074	PRK06074	 - 	cl19197
Q#76 - WP_003772290.1	specific	234654	7	171	3.9639e-85	247.41	PRK00131	aroK	 - 	cl17190
Q#77 - WP_003769539.1	specific	235582	1	945	0	1512.71	PRK05729	valS	 - 	cl35374
Q#78 - WP_041961492.1	superfamily	294246	7	306	5.52044e-169	470.31	cl00342	Trp-synth-beta_II superfamily	 - 	 - 
Q#79 - WP_004565727.1	specific	237285	6	262	9.61538e-140	392.934	PRK13111	trpA	 - 	cl28888
Q#80 - WP_003772651.1	specific	224113	3	254	5.60095e-82	246.277	COG1192	BcsQ	 - 	cl28913
Q#81 - WP_003772444.1	specific	225148	46	480	4.1702e-163	468.676	COG2239	MgtE	 - 	cl34441
Q#82 - WP_041961537.1	specific	235588	1	930	0	1595.52	PRK05743	ileS	 - 	cl35376
Q#83 - WP_040666529.1	specific	129116	3	127	6.78845e-66	195.206	TIGR00004	TIGR00004	 - 	cl10015
Q#84 - WP_041961383.1	superfamily	236359	1	561	0	879.772	cl35753	PRK08974 superfamily	 - 	 - 
Q#85 - WP_003774459.1	specific	236872	2	563	0	1191.57	PRK11183	PRK11183	 - 	cl26647
Q#86 - WP_003773726.1	specific	235622	6	499	0	622.993	PRK05846	PRK05846	 - 	cl35392
Q#87 - WP_003770151.1	specific	223326	6	492	1.24141e-158	459.466	COG0248	GppA	 - 	cl33815
Q#88 - WP_040666247.1	superfamily	351132	3	246	9.56193e-86	255.449	cl00521	TatC superfamily	 - 	 - 
Q#89 - WP_040665762.1	specific	187604	1	245	2.64401e-140	393.184	cd05346	SDR_c5	 - 	cl25409
Q#90 - WP_041961405.1	specific	234904	1	431	0	795.789	PRK01117	PRK01117	 - 	cl28913
Q#91 - WP_041961549.1	specific	224376	20	407	8.87085e-136	393.886	COG1459	PulF	 - 	cl34272
Q#92 - WP_003774799.1	superfamily	351013	1	204	1.44787e-102	294.472	cl00305	Sua5_yciO_yrdC superfamily	 - 	 - 
Q#93 - WP_040665785.1	specific	237259	5	921	0	1589.73	PRK12904	PRK12904	 - 	cl36206
Q#93 - WP_040665785.1	superfamily	357581	864	918	1.87546e-05	44.2208	cl30705	PRK05590 superfamily	N	 - 
Q#94 - WP_003770064.1	specific	143500	3	351	0	540.546	cd06827	PLPDE_III_AR_proteobact	 - 	cl00261
Q#95 - WP_003774568.1	superfamily	237003	16	429	0	623.223	cl29626	PRK11860 superfamily	C	 - 
Q#96 - WP_003771088.1	superfamily	321296	5	97	5.50124e-46	142.8	cl00999	YCII superfamily	 - 	 - 
Q#97 - WP_003770317.1	specific	236435	4	346	0	670.339	PRK09261	PRK09261	 - 	cl17225
Q#98 - WP_003775458.1	specific	234899	1	273	1.31162e-168	466.866	PRK01103	PRK01103	 - 	cl35138
Q#99 - WP_003773945.1	specific	223408	1	307	2.70196e-126	362.76	COG0331	FabD	 - 	cl08282
Q#100 - WP_040666517.1	specific	235469	1	679	0	1100.17	PRK05443	PRK05443	 - 	cl35322
Q#101 - WP_003774884.1	superfamily	354319	1	289	1.63867e-166	462.799	cl17185	LPLAT superfamily	 - 	 - 
Q#102 - WP_003772334.1	superfamily	237587	84	443	0	622.754	cl36325	PRK14019 superfamily	 - 	 - 
Q#103 - WP_003772587.1	specific	235358	1	120	1.42455e-78	226.499	PRK05179	rpsM	 - 	cl00331
Q#104 - WP_040666259.1	specific	179005	5	106	1.36681e-50	154.93	PRK00400	hisE	 - 	cl16941
Q#105 - WP_041961308.1	superfamily	235865	3	430	1.94321e-126	392.792	cl35510	PRK06814 superfamily	C	 - 
Q#106 - WP_041961470.1	specific	234956	1	433	1.239e-160	459.628	PRK01490	tig	 - 	cl29099
Q#107 - WP_040665894.1	specific	273657	19	279	3.31048e-109	316.506	TIGR01496	DHPS	 - 	cl00219
Q#108 - WP_041961240.1	specific	234794	19	1385	0	2383.99	PRK00566	PRK00566	 - 	cl35110
Q#109 - WP_041961286.1	specific	212508	5	234	8.52541e-120	339.925	cd11649	RsmI_like	 - 	cl00304
Q#110 - WP_003775107.1	specific	319796	4	204	3.27721e-62	192.136	cd02612	HAD_PGPPase	 - 	cl21460
Q#111 - WP_081456052.1	specific	234576	1	70	4.14414e-41	128.118	PRK00019	rpmE	 - 	cl00377
Q#112 - WP_003775239.1	specific	224055	22	607	3.61979e-162	475.765	COG1132	MdlB	 - 	cl34129
Q#113 - WP_040665662.1	superfamily	354412	7	443	0	532.02	cl19356	PmbA_TldD superfamily	 - 	 - 
Q#114 - WP_081456087.1	specific	235573	1	295	5.31392e-157	440.056	PRK05710	PRK05710	 - 	cl00015
Q#115 - WP_003772004.1	specific	183365	1	161	1.50443e-93	267.712	PRK11895	ilvH	 - 	cl32739
Q#116 - WP_003770668.1	specific	235437	1	543	0	1077.35	PRK05380	pyrG	 - 	cl35313
Q#117 - WP_003770063.1	specific	237265	5	377	0	731.117	PRK13009	PRK13009	 - 	cl36210
Q#118 - WP_041961319.1	superfamily	236669	317	796	0	648.298	cl35903	PRK10263 superfamily	N	 - 
Q#118 - WP_041961319.1	specific	338773	55	229	1.22384e-43	155.045	pfam13491	FtsK_4TM	 - 	cl16286
Q#119 - WP_003770086.1	superfamily	351090	8	321	5.41713e-107	314.726	cl00427	TM_PBP2 superfamily	 - 	 - 
Q#120 - WP_040666202.1	specific	273437	13	182	1.6874e-89	259.132	TIGR01090	apt	 - 	cl00309
Q#121 - WP_003771771.1	specific	235534	1	190	7.88778e-66	200.044	PRK05618	PRK05618	 - 	cl35350
Q#122 - WP_040665719.1	specific	275199	8	245	2.34713e-154	428.231	TIGR04406	LPS_export_lptB	 - 	cl37440
Q#123 - WP_003773298.1	specific	236780	1	439	0	742.281	PRK10867	PRK10867	 - 	cl28913
Q#124 - WP_041961482.1	specific	236137	1	823	0	1058.57	PRK07956	ligA	 - 	cl35633
Q#125 - WP_004565737.1	specific	178923	1	90	1.22013e-37	120.685	PRK00194	PRK00194	 - 	cl29106
Q#126 - WP_003772640.1	superfamily	356405	1	226	3.30556e-95	277.477	cl29529	Transgly superfamily	 - 	 - 
Q#127 - WP_003771575.1	specific	224100	12	258	1.32527e-111	322.325	COG1179	TcdA	 - 	cl34162
Q#128 - WP_003772478.1	specific	234645	1	193	8.91586e-92	265.849	PRK00116	ruvA	 - 	cl30561
Q#129 - WP_003772939.1	specific	234710	1	260	4.08256e-148	413.783	PRK00278	trpC	 - 	cl21457
Q#130 - WP_041961406.1	specific	178914	9	241	2.57468e-165	455.722	PRK00173	rph	 - 	cl30873
Q#131 - WP_040666191.1	specific	224046	11	243	7.42053e-103	298.759	COG1121	ZnuC	 - 	cl34120
Q#132 - WP_003771673.1	specific	238309	4	248	9.65285e-80	240.142	cd00553	NAD_synthase	 - 	cl00292
Q#133 - WP_003774227.1	specific	234732	1	246	1.05946e-133	376.748	PRK00346	surE	 - 	cl00448
Q#134 - WP_003772292.1	specific	234565	4	356	0	577.469	PRK00002	aroB	 - 	cl02872
Q#135 - WP_003769872.1	specific	273482	6	453	0	714.82	TIGR01173	glmU	 - 	cl36834
Q#136 - WP_040665791.1	specific	224304	1	178	1.15185e-64	197.554	COG1386	ScpB	 - 	cl00612
Q#137 - WP_003773321.1	specific	234631	4	286	1.14452e-145	410.75	PRK00098	PRK00098	 - 	cl35065
Q#138 - WP_003773551.1	specific	224108	5	245	3.73813e-79	238.296	COG1187	RsuA	 - 	cl34167
Q#139 - WP_041961452.1	specific	234723	1	261	1.75972e-162	450.284	PRK00311	panB	 - 	cl35087
Q#140 - WP_003770654.1	specific	236516	7	147	7.80598e-83	239.795	PRK09438	nudB	 - 	cl00447
Q#141 - WP_003772400.1	specific	239787	8	238	1.01537e-149	415.736	cd04254	AAK_UMPK-PyrH-Ec	 - 	cl00452
Q#142 - WP_003774593.1	specific	234586	3	429	0	611.382	PRK00037	hisS	 - 	cl35047
Q#143 - WP_040666358.1	specific	237290	1	214	5.21204e-122	344.073	PRK13146	hisH	 - 	cl00020
Q#144 - WP_049248771.1	specific	273280	6	79	4.93328e-16	66.3701	TIGR00810	secG	 - 	cl09123
Q#145 - WP_041961550.1	superfamily	274186	4	559	0	872.801	cl37140	type_IV_pilB superfamily	 - 	 - 
Q#146 - WP_041961464.1	specific	235406	16	414	0	678.405	PRK05321	PRK05321	 - 	cl21457
Q#147 - WP_003773081.1	specific	234851	2	258	3.84954e-124	353.637	PRK00865	PRK00865	 - 	cl00518
Q#148 - WP_003771880.1	specific	236686	196	499	0	513.492	PRK10416	PRK10416	 - 	cl35912
Q#148 - WP_003771880.1	superfamily	356013	91	190	9.27128e-07	48.4168	cl29137	Trypan_PARP superfamily	 - 	 - 
Q#149 - WP_041961233.1	superfamily	355664	3	565	0	581.649	cl27577	RecJ superfamily	 - 	 - 
Q#150 - WP_003769676.1	specific	234617	1	427	0	864.782	PRK00077	eno	 - 	cl35058
Q#151 - WP_003774942.1	superfamily	183021	4	243	1.2052e-113	325.768	cl32657	PRK11181 superfamily	 - 	 - 
Q#152 - WP_003775618.1	superfamily	130147	10	733	0	1187.68	cl31059	uvrD superfamily	 - 	 - 
Q#153 - WP_041961210.1	specific	236447	1	465	0	1010.43	PRK09280	PRK09280	 - 	cl28885
Q#154 - WP_003770752.1	specific	179345	6	159	8.8804e-93	265.945	PRK01885	greB	 - 	cl29089
Q#155 - WP_040665945.1	specific	235532	3	85	3.11732e-38	122.185	PRK05610	rpsQ	 - 	cl00351
Q#156 - WP_003770905.1	superfamily	274241	2	734	0	1050.39	cl37148	ClpA superfamily	 - 	 - 
Q#157 - WP_003771705.1	specific	224200	7	281	5.64673e-113	327.686	COG1281	HslO	 - 	cl00236
Q#158 - WP_041961476.1	specific	234668	1	163	1.10849e-91	263.521	PRK00150	def	 - 	cl00234
Q#159 - WP_003769850.1	specific	237585	1	882	0	1370.98	PRK14015	pepN	 - 	cl14813
Q#160 - WP_003773696.1	specific	234719	6	204	1.03149e-103	297.001	PRK00300	gmk	 - 	cl17190
Q#161 - WP_003771165.1	specific	180385	3	418	0	782.419	PRK06075	PRK06075	 - 	cl21493
Q#162 - WP_003775488.1	specific	236737	7	264	0	556.778	PRK10696	PRK10696	 - 	cl35939
Q#163 - WP_003773780.1	specific	235376	1	219	2.74524e-156	431.499	PRK05254	PRK05254	 - 	cl00483
Q#164 - WP_003770280.1	specific	237860	3	795	0	1466.09	PRK14939	gyrB	 - 	cl36442
Q#165 - WP_003770446.1	superfamily	235133	4	165	1.49059e-49	157.103	cl35209	hscB superfamily	 - 	 - 
Q#166 - WP_040666072.1	specific	234864	85	569	0	904.867	PRK00915	PRK00915	 - 	cl35129
Q#167 - WP_003771837.1	specific	234893	4	302	0	523.921	PRK01045	ispH	 - 	cl19123
Q#168 - WP_040665660.1	specific	235591	3	929	0	1384.81	PRK05755	PRK05755	 - 	cl35378
Q#169 - WP_040665683.1	specific	178810	1	95	3.18372e-33	110.29	PRK00034	gatC	 - 	cl00495
Q#170 - WP_049249363.1	specific	236993	3	290	8.15308e-122	349.831	PRK11820	PRK11820	 - 	cl26779
Q#171 - WP_003769457.1	specific	178888	1	130	9.79644e-83	238.069	PRK00132	rpsI	 - 	cl00334
Q#172 - WP_003774625.1	specific	223222	120	418	2.28945e-104	313.172	COG0144	RsmB	 - 	cl33775
Q#173 - WP_003769885.1	specific	236757	1	374	0	645.276	PRK10767	PRK10767	 - 	cl35946
Q#174 - WP_041961488.1	specific	224131	1	285	2.35753e-179	495.517	COG1210	GalU	 - 	cl11394
Q#175 - WP_041961442.1	specific	235513	1	394	0	526.242	PRK05579	PRK05579	 - 	cl35341
Q#176 - WP_003772075.1	specific	223717	9	464	4.02951e-108	328.648	COG0644	FixC	 - 	cl33990
Q#176 - WP_003772075.1	specific	310057	447	548	7.30729e-70	219.031	pfam05187	ETF_QO	 - 	cl19102
Q#177 - WP_040666439.1	specific	223155	89	360	3.31323e-124	358.463	COG0077	PheA2	 - 	cl33760
Q#177 - WP_040666439.1	superfamily	351218	9	80	2.20993e-29	107.921	cl00693	CM_2 superfamily	 - 	 - 
Q#178 - WP_040666204.1	specific	235692	36	347	4.14335e-136	389.937	PRK06076	PRK06076	 - 	cl00469
Q#179 - WP_003770227.1	specific	235535	1	292	2.55942e-140	396.404	PRK05621	PRK05621	 - 	cl00365
Q#180 - WP_003773836.1	specific	236430	11	468	0	765.818	PRK09249	PRK09249	 - 	cl35795
Q#181 - WP_040666291.1	specific	235470	1	626	0	1023.48	PRK05444	PRK05444	 - 	cl35323
Q#182 - WP_003775661.1	specific	234765	2	105	1.1778e-48	150.032	PRK00446	cyaY	 - 	cl00238
Q#183 - WP_003769809.1	specific	234816	3	218	1.11323e-116	331.257	PRK00702	PRK00702	 - 	cl00339
Q#184 - WP_041961540.1	specific	234804	1	787	0	1099.45	PRK00629	pheT	 - 	cl35112
Q#185 - WP_003774822.1	superfamily	173001	1	473	0	978.046	cl31710	cysS superfamily	N	 - 
Q#186 - WP_041961332.1	specific	235549	18	641	0	896.461	PRK05658	PRK05658	 - 	cl35358
Q#187 - WP_003772896.1	superfamily	353041	1	239	9.49819e-106	305.245	cl10012	DnaQ_like_exo superfamily	 - 	 - 
Q#188 - WP_003769544.1	specific	224006	3	575	0	665.061	COG1080	PtsA	 - 	cl34095
Q#189 - WP_041961616.1	specific	235462	1	597	0	1290.38	PRK05433	PRK05433	 - 	cl35320
Q#190 - WP_041961355.1	specific	237048	2	352	0	525.02	PRK12299	obgE	 - 	cl36100
Q#191 - WP_003769423.1	superfamily	331142	2	302	5.43821e-113	328.738	cl26321	FtsX superfamily	 - 	 - 
Q#192 - WP_003775343.1	specific	180164	11	416	0	883.832	PRK05614	gltA	 - 	cl29033
Q#193 - WP_040666193.1	specific	224033	5	280	4.38892e-55	179.27	COG1108	ZnuB	 - 	cl27471
Q#194 - WP_003773356.1	specific	224216	1	638	0	714.55	COG1297	OPT	 - 	cl14607
Q#195 - WP_041961266.1	specific	235369	1	306	5.00796e-158	443.467	PRK05231	PRK05231	 - 	cl21453
Q#196 - WP_003770095.1	specific	183041	8	219	2.85017e-102	294.53	PRK11212	PRK11212	 - 	cl00756
Q#197 - WP_003775466.1	specific	224616	1	316	9.15439e-148	418.978	COG1702	PhoH	 - 	cl34339
Q#198 - WP_003771396.1	superfamily	350927	2	148	1.30486e-54	168.358	cl00163	PTS_IIA_fru superfamily	 - 	 - 
Q#199 - WP_041961243.1	specific	223220	4	297	2.1894e-79	243.435	COG0142	IspA	 - 	cl00210
Q#200 - WP_041961496.1	specific	334457	21	235	4.5126e-134	376.297	pfam01255	Prenyltransf	 - 	cl00230
Q#201 - WP_003773805.1	specific	234780	1	328	0	606.328	PRK00488	pheS	 - 	cl35105
Q#202 - WP_041961450.1	superfamily	354370	1	389	0	578.879	cl18945	Beta_elim_lyase superfamily	 - 	 - 
Q#203 - WP_041961387.1	specific	235461	1	430	0	776.553	PRK05431	PRK05431	 - 	cl35319
Q#204 - WP_002641495.1	specific	178997	1	74	4.9936e-40	126.074	PRK00391	rpsR	 - 	cl00373
Q#205 - WP_003772655.1	specific	234580	5	379	8.11079e-175	491.552	PRK00025	lpxB	 - 	cl28080
Q#206 - WP_003771166.1	specific	131013	9	156	2.5286e-85	246.518	TIGR01958	nuoE_fam	 - 	cl30754
Q#207 - WP_003775334.1	specific	274369	9	114	1.97134e-31	106.497	TIGR02968	succ_dehyd_anc	 - 	cl00881
Q#208 - WP_003773670.1	specific	223354	29	455	2.12657e-127	376.928	COG0277	GlcD	 - 	cl33825
Q#209 - WP_003775006.1	specific	236988	1	297	0	510.093	PRK11805	PRK11805	 - 	cl29296
Q#210 - WP_004565723.1	specific	236405	1	569	0	1045.05	PRK09194	PRK09194	 - 	cl35782
Q#211 - WP_040666502.1	specific	272853	9	144	7.75109e-56	172.031	TIGR00011	YbaK_EbsC	 - 	cl00022
Q#212 - WP_003772218.1	specific	223162	1	252	8.71958e-113	324.166	COG0084	TatD	 - 	cl28964
Q#213 - WP_003773584.1	specific	270317	51	277	1.19271e-140	395.997	cd13599	PBP2_lipoprotein_Gna1946	 - 	cl21456
Q#214 - WP_003771298.1	specific	234859	1	151	3.35644e-77	225.818	PRK00893	PRK00893	 - 	cl27375
Q#215 - WP_003771131.1	specific	234771	1	212	8.70103e-78	231.584	PRK00455	pyrE	 - 	cl00309
Q#216 - WP_003770203.1	specific	239474	29	178	8.02109e-57	175.517	cd03379	beta_CA_cladeD	 - 	cl00391
Q#217 - WP_003775685.1	specific	225364	1	345	0	605.413	COG2805	PilT	 - 	cl21455
Q#218 - WP_003773606.1	specific	234612	3	297	3.18705e-174	483.416	PRK00072	hemC	 - 	cl35056
Q#219 - WP_003770434.1	specific	131062	2	111	6.32166e-63	186.535	TIGR02007	fdx_isc	 - 	cl00159
Q#220 - WP_003769305.1	specific	235541	4	367	8.71855e-152	431.861	PRK05643	PRK05643	 - 	cl35355
Q#221 - WP_040665692.1	specific	236541	1	460	0	570.14	PRK09496	trkA	 - 	cl35844
Q#222 - WP_003771617.1	superfamily	338889	30	135	2.41702e-10	54.9374	cl38432	Acetyltransf_10 superfamily	 - 	 - 
Q#223 - WP_003773682.1	specific	239516	41	175	1.20943e-54	169.208	cd03424	ADPRase_NUDT5	 - 	cl00447
Q#224 - WP_041961398.1	specific	237000	3	544	0	708.512	PRK11855	PRK11855	 - 	cl36068
Q#225 - WP_003773949.1	specific	234680	5	397	0	666.046	PRK00180	PRK00180	 - 	cl17037
Q#226 - WP_003771309.1	specific	239065	16	405	0	583.658	cd02152	OAT	 - 	cl00603
Q#227 - WP_003770565.1	specific	234572	13	471	0	867.509	PRK00012	gatA	 - 	cl18951
Q#228 - WP_040666171.1	superfamily	235501	2	160	3.71688e-78	243.47	cl35334	PRK05559 superfamily	N	 - 
Q#229 - WP_003773134.1	specific	235546	1	242	6.6727e-125	353.696	PRK05653	fabG	 - 	cl21454
Q#230 - WP_003774207.1	specific	273206	22	460	0	712.273	TIGR00665	DnaB	 - 	cl36722
Q#231 - WP_041961244.1	specific	236488	1	272	0	546.188	PRK09374	rplB	 - 	cl29336
Q#232 - WP_003772084.1	superfamily	183020	28	332	1.96846e-130	376.325	cl32656	rluD superfamily	 - 	 - 
Q#233 - WP_041961451.1	specific	235502	15	897	0	1467.18	PRK05560	PRK05560	 - 	cl35335
Q#234 - WP_041961474.1	specific	236386	1	751	0	1197.02	PRK09129	PRK09129	 - 	cl35770
Q#235 - WP_003770094.1	specific	223620	1	215	8.32206e-59	184.579	COG0546	Gph	 - 	cl21460
Q#236 - WP_003770444.1	specific	235360	1	617	0	1071.72	PRK05183	hscA	 - 	cl35292
Q#237 - WP_003772447.1	specific	335728	61	253	1.42749e-82	247.788	pfam04333	MlaA	 - 	cl01073
Q#238 - WP_003769720.1	superfamily	304622	6	79	6.6098e-37	118.37	cl22895	HTH_8 superfamily	 - 	 - 
Q#239 - WP_003773694.1	specific	234744	1	68	1.24056e-25	88.8199	PRK00392	rpoZ	 - 	cl14651
Q#240 - WP_003770369.1	superfamily	302641	25	484	2.98194e-127	378.405	cl17365	TrkH superfamily	 - 	 - 
Q#241 - WP_003774669.1	specific	197320	1	254	1.44164e-151	422.309	cd09086	ExoIII-like_AP-endo	 - 	cl00490
Q#242 - WP_003775005.1	specific	223571	1	553	0	599.585	COG0497	RecN	 - 	cl33912
Q#243 - WP_004565722.1	specific	235645	1	431	0	649.856	PRK05912	PRK05912	 - 	cl35409
Q#244 - WP_003769436.1	superfamily	182999	1	277	4.16178e-78	239.931	cl32649	PRK11151 superfamily	 - 	 - 
Q#245 - WP_041961595.1	superfamily	354374	2	354	0	543.929	cl18962	Radical_SAM superfamily	 - 	 - 
Q#246 - WP_003772984.1	specific	187558	2	330	0	531.726	cd05247	UDP_G4E_1_SDR_e	 - 	cl25409
Q#247 - WP_003771692.1	specific	224273	37	274	1.75695e-68	212.56	COG1354	ScpA	 - 	cl00598
Q#248 - WP_040665780.1	specific	319854	10	224	3.3278e-102	294.913	cd16417	HAD_PGPase	 - 	cl21460
Q#249 - WP_003772281.1	specific	236787	3	442	0	761.983	PRK10887	glmM	 - 	cl29590
Q#250 - WP_041961255.1	specific	223686	1	262	1.45827e-77	235.837	COG0613	YciV	 - 	cl33976
Q#251 - WP_003772534.1	specific	236452	2	456	0	915.293	PRK09285	PRK09285	 - 	cl35805
Q#252 - WP_003773838.1	superfamily	183004	14	236	1.33689e-80	241.155	cl32650	PRK11161 superfamily	 - 	 - 
Q#253 - WP_003773793.1	specific	234599	1	282	4.27596e-114	329.076	PRK00052	PRK00052	 - 	cl00478
Q#254 - WP_003770225.1	specific	236448	1	512	0	1003.43	PRK09281	PRK09281	 - 	cl35802
Q#255 - WP_003773498.1	superfamily	182528	2	645	0	771.201	cl32530	PRK10535 superfamily	 - 	 - 
Q#256 - WP_003770082.1	specific	236500	1	887	0	1880.23	PRK09405	aceE	 - 	cl30580
Q#257 - WP_041961440.1	specific	234929	23	332	0	574.373	PRK01259	PRK01259	 - 	cl35147
Q#258 - WP_003771408.1	specific	235380	1	238	2.9819e-127	359.355	PRK05265	PRK05265	 - 	cl00541
Q#259 - WP_041961399.1	superfamily	351090	13	272	7.83049e-91	271.34	cl00427	TM_PBP2 superfamily	 - 	 - 
Q#260 - WP_003773891.1	specific	227340	4	80	2.07498e-29	99.364	COG5007	IbaG	 - 	cl00386
Q#261 - WP_003775345.1	specific	236499	1	941	0	1590.91	PRK09404	sucA	 - 	cl35823
Q#262 - WP_003769425.1	specific	225438	1	214	4.03488e-120	339.961	COG2884	FtsE	 - 	cl34509
Q#263 - WP_003771461.1	specific	234689	10	245	1.37381e-139	391.053	PRK00216	ubiE	 - 	cl17173
Q#264 - WP_041961433.1	specific	224108	103	346	8.29664e-86	259.482	COG1187	RsuA	 - 	cl34167
Q#265 - WP_003772273.1	specific	224451	7	92	6.09535e-37	119.65	COG1534	YhbY	 - 	cl00663
Q#266 - WP_003769706.1	specific	234671	1	123	5.02546e-45	142.249	PRK00157	rplL	 - 	cl29565
Q#267 - WP_040665527.1	specific	272901	12	109	3.27207e-43	136.823	TIGR00090	rsfS_iojap_ybeB	 - 	cl00519
Q#268 - WP_003774574.1	specific	224402	17	375	1.7017e-178	500.285	COG1485	YhcM	 - 	cl29094
Q#269 - WP_041961290.1	specific	235401	233	924	0	1121.86	PRK05306	infB	 - 	cl30717
Q#269 - WP_041961290.1	specific	335887	1	46	0.00708173	35.1213	pfam04760	IF2_N	 - 	cl04730
Q#270 - WP_003771604.1	specific	235615	7	603	0	639.964	PRK05812	secD	 - 	cl35387
Q#270 - WP_003771604.1	specific	338917	1	103	7.75614e-40	140.697	pfam13721	SecD-TM1	 - 	cl08136
Q#271 - WP_040666546.1	specific	234696	1	326	3.30266e-171	478.118	PRK00232	pdxA	 - 	cl00873
Q#272 - WP_003772371.1	specific	223868	48	165	7.16477e-63	194.252	COG0797	RlpA	NC	cl34044
Q#273 - WP_003771398.1	specific	235459	1	312	2.37455e-139	396.077	PRK05428	PRK05428	 - 	cl30707
Q#274 - WP_003775407.1	superfamily	354810	1	332	2.03546e-134	385.998	cl21453	PKc_like superfamily	 - 	 - 
Q#275 - WP_041961347.1	specific	234579	3	222	2.05572e-107	307.821	PRK00023	cmk	 - 	cl17190
Q#276 - WP_003772985.1	superfamily	354324	1	280	0	525.466	cl17225	DAHP_synth_1 superfamily	 - 	 - 
Q#277 - WP_003769782.1	superfamily	236861	1	635	0	781.443	cl35997	PRK11147 superfamily	 - 	 - 
Q#278 - WP_003773939.1	specific	236475	1	319	0	555.069	PRK09352	PRK09352	 - 	cl30439
Q#279 - WP_040666459.1	specific	236417	7	507	0	929.933	PRK09224	PRK09224	 - 	cl35788
Q#280 - WP_041961422.1	specific	226066	4	118	1.28374e-55	169.529	COG3536	COG3536	 - 	cl01414
Q#281 - WP_003772055.1	specific	234701	1	873	0	1503.83	PRK00252	alaS	 - 	cl35079
Q#282 - WP_003774004.1	specific	234971	4	216	1.13594e-135	378.705	PRK01686	hisG	 - 	cl21456
Q#283 - WP_041961214.1	specific	223800	1	509	3.75749e-146	429.01	COG0728	MviN	 - 	cl09326
Q#284 - WP_003771110.1	superfamily	354370	1	393	0	681.646	cl18945	Beta_elim_lyase superfamily	 - 	 - 
Q#285 - WP_003772329.1	specific	274529	6	855	0	1562.63	TIGR03346	chaperone_ClpB	 - 	cl37251
Q#286 - WP_041961358.1	specific	234642	1	364	0	752.32	PRK00112	tgt	 - 	cl19224
Q#287 - WP_003771869.1	specific	235367	1	759	0	1372.89	PRK05222	PRK05222	 - 	cl35294
Q#288 - WP_040665941.1	specific	235586	9	100	1.60922e-40	129.053	PRK05738	rplW	 - 	cl00326
Q#289 - WP_003771615.1	specific	235674	22	360	9.99798e-174	488.123	PRK06019	PRK06019	 - 	cl35419
Q#290 - WP_040666557.1	superfamily	350953	13	322	4.49306e-126	363.393	cl00210	Isoprenoid_Biosyn_C1 superfamily	 - 	 - 
Q#291 - WP_003773773.1	specific	287120	47	263	5.50739e-131	368.853	pfam10108	DNA_pol_B_exo2	 - 	cl27304
Q#292 - WP_003773521.1	superfamily	181884	1	472	0	786.264	cl32375	glnA superfamily	 - 	 - 
Q#293 - WP_003775340.1	specific	225489	4	81	4.80505e-20	76.148	COG2938	SdhE	 - 	cl01110
Q#294 - WP_003774464.1	specific	223715	154	457	3.80267e-53	181.491	COG0642	BaeS	 - 	cl33988
Q#295 - WP_003772951.1	superfamily	354811	1	258	1.7129e-179	493.332	cl21454	NADB_Rossmann superfamily	 - 	 - 
Q#296 - WP_041961434.1	specific	270377	42	372	4.93321e-157	444.469	cd13659	PBP2_PotF	 - 	cl21456
Q#297 - WP_003774247.1	specific	234571	7	415	0	805.836	PRK00011	glyA	 - 	cl18945
Q#298 - WP_040665581.1	specific	236354	1	180	1.99644e-103	294.805	PRK08942	PRK08942	 - 	cl29212
Q#299 - WP_003773095.1	specific	99792	8	254	3.95894e-117	334.533	cd06195	FNR1	 - 	cl06868
Q#300 - WP_041961280.1	specific	223587	1	453	5.19191e-163	470.041	COG0513	SrmB	 - 	cl33924
Q#301 - WP_040665505.1	specific	100051	12	171	1.59733e-76	225.369	cd04645	LbH_gamma_CA_like	 - 	cl00160
Q#302 - WP_040666272.1	specific	234757	1	470	0	719.594	PRK00421	murC	 - 	cl35096
Q#303 - WP_040666042.1	specific	235580	1	319	0	600.591	PRK05724	PRK05724	 - 	cl23717
Q#304 - WP_003774596.1	specific	234628	2	430	0	695.643	PRK00093	PRK00093	 - 	cl35063
Q#305 - WP_040666545.1	specific	235396	1	229	2.67671e-154	428.814	PRK05299	rpsB	 - 	cl00315
Q#306 - WP_003771353.1	specific	234619	14	340	0	660.285	PRK00080	ruvB	 - 	cl35059
Q#307 - WP_041961325.1	specific	273947	28	720	0	921.283	TIGR02063	RNase_R	 - 	cl37040
Q#307 - WP_041961325.1	superfamily	313469	723	812	0.00893314	39.0732	cl25761	MIP-T3 superfamily	NC	 - 
Q#308 - WP_003772403.1	specific	176132	96	292	5.12045e-107	309.497	cd08441	PBP2_MetR	 - 	cl21456
Q#308 - WP_003772403.1	specific	333860	7	65	7.19518e-19	78.5686	pfam00126	HTH_1	 - 	cl21459
Q#309 - WP_003775033.1	superfamily	183723	4	660	0	1181.8	cl32821	PRK12753 superfamily	 - 	 - 
Q#310 - WP_003771943.1	specific	337247	5	140	6.82869e-64	191.999	pfam08897	DUF1841	 - 	cl07478
Q#311 - WP_040666412.1	specific	235775	1	557	0	908.773	PRK06299	rpsA	 - 	cl35465
Q#312 - WP_003770125.1	specific	234666	1	338	0	566.628	PRK00147	queA	 - 	cl00523
Q#313 - WP_003774028.1	specific	223679	15	498	0	636.969	COG0606	YifB	 - 	cl33973
Q#314 - WP_003769926.1	superfamily	354412	9	479	0	597.928	cl19356	PmbA_TldD superfamily	 - 	 - 
Q#315 - WP_003769696.1	specific	180161	1	176	1.08868e-103	294.79	PRK05609	nusG	 - 	cl32081
Q#316 - WP_003771024.1	specific	234925	16	685	0	894.476	PRK01233	glyS	 - 	cl35145
Q#317 - WP_040666261.1	superfamily	236393	1	394	0	674.281	cl30203	PRK09147 superfamily	 - 	 - 
Q#318 - WP_041961291.1	specific	236410	1	479	0	577.207	PRK09202	nusA	 - 	cl35784
Q#319 - WP_003775154.1	specific	237294	1	293	1.09955e-175	486.924	PRK13186	lpxC	 - 	cl00512
Q#320 - WP_041961313.1	specific	178807	10	206	1.35411e-58	182.466	PRK00031	lolA	 - 	cl19192
Q#321 - WP_003771157.1	superfamily	351141	1	122	1.64383e-49	153.481	cl00535	Oxidored_q4 superfamily	 - 	 - 
Q#322 - WP_003770004.1	specific	236307	1	449	0	879.905	PRK08591	PRK08591	 - 	cl30623
Q#323 - WP_003772131.1	superfamily	354317	5	194	3.74948e-97	279.637	cl17173	AdoMet_MTases superfamily	 - 	 - 
Q#324 - WP_003770946.1	specific	234768	3	280	1.63446e-132	376.061	PRK00450	dapF	 - 	cl29868
Q#325 - WP_003773927.1	superfamily	350998	6	201	7.00933e-100	287.143	cl00276	Maf_Ham1 superfamily	 - 	 - 
Q#326 - WP_041961521.1	superfamily	353029	3	122	5.54153e-56	173.879	cl09930	RPA_2b-aaRSs_OBF_like superfamily	C	 - 
Q#327 - WP_003775385.1	specific	235392	7	454	0	649.094	PRK05291	trmE	 - 	cl35299
Q#328 - WP_003774703.1	specific	234592	1	414	0	535.533	PRK00045	hemA	 - 	cl35048
Q#329 - WP_041961431.1	specific	237275	7	298	8.97568e-137	388.328	PRK13022	secF	 - 	cl36213
Q#330 - WP_041961477.1	specific	225114	1	416	3.85528e-121	360.088	COG2204	AtoC	 - 	cl34427
Q#331 - WP_003772087.1	specific	235555	17	210	7.41788e-122	342.97	PRK05679	PRK05679	 - 	cl29143
Q#332 - WP_003771475.1	superfamily	225504	11	389	8.47848e-160	454.162	cl34526	YciM superfamily	 - 	 - 
Q#333 - WP_003772298.1	specific	234650	1	169	6.55899e-62	188.428	PRK00122	rimM	 - 	cl35067
Q#334 - WP_040665600.1	specific	315813	1	264	2.32729e-141	398.224	pfam13230	GATase_4	 - 	cl00319
Q#335 - WP_041961224.1	specific	235444	1	859	0	1301.22	PRK05399	PRK05399	 - 	cl35316
Q#336 - WP_040665548.1	specific	235507	1	488	0	894.164	PRK05567	PRK05567	 - 	cl35339
Q#337 - WP_003774104.1	specific	283886	3	294	3.39878e-121	348.476	pfam06325	PrmA	 - 	cl29228
Q#338 - WP_040665744.1	specific	197336	2	254	2.20887e-156	434.347	cd10281	Nape_like_AP-endo	 - 	cl00490
Q#339 - WP_003769554.1	specific	234637	34	207	8.24109e-83	243.5	PRK00107	gidB	 - 	cl17173
Q#340 - WP_003775399.1	specific	132844	43	215	2.0382e-66	205.087	cd07205	Pat_PNPLA6_PNPLA7_NTE1_like	 - 	cl11396
Q#341 - WP_003772396.1	specific	224422	3	664	0	703.769	COG1505	PreP	 - 	cl34286
Q#342 - WP_003771602.1	specific	236458	1	325	3.36438e-175	487.82	PRK09293	PRK09293	 - 	cl00289
Q#343 - WP_040665868.1	specific	225509	2	279	2.70221e-134	380.484	COG2961	RlmJ	 - 	cl17173
Q#344 - WP_003774738.1	specific	182810	1	406	0	667.713	PRK10885	cca	 - 	cl32602
Q#345 - WP_003772889.1	specific	334963	3	156	1.24045e-100	285.756	pfam02542	YgbB	 - 	cl10030
Q#346 - WP_082019653.1	specific	234582	4	173	2.1353e-99	283.593	PRK00028	infC	 - 	cl29550
Q#347 - WP_003771562.1	specific	274455	81	410	1.88265e-168	476.193	TIGR03156	GTP_HflX	 - 	cl37227
Q#348 - WP_003771320.1	superfamily	273335	1	1043	0	1485.37	cl36766	2A0602 superfamily	 - 	 - 
Q#349 - WP_003769806.1	superfamily	182661	1	208	4.1562e-125	352.012	cl32560	PRK10702 superfamily	 - 	 - 
Q#350 - WP_041961587.1	specific	223097	23	572	0	658.945	COG0018	ArgS	 - 	cl33743
Q#351 - WP_003771659.1	specific	235809	1	795	0	1567.43	PRK06464	PRK06464	 - 	cl35482
Q#352 - WP_040665943.1	specific	234722	1	231	1.13197e-145	405.306	PRK00310	rpsC	 - 	cl29634
Q#353 - WP_040665635.1	superfamily	237098	2	380	5.69751e-135	390.87	cl30587	PRK12421 superfamily	 - 	 - 
Q#354 - WP_003769468.1	specific	223383	44	528	2.28952e-75	240.948	COG0306	PitA	 - 	cl27575
Q#355 - WP_003772042.1	specific	235393	1	1064	0	2187.95	PRK05294	carB	 - 	cl35300
Q#356 - WP_040665879.1	specific	338356	7	119	2.40806e-64	213.144	pfam12447	DUF3683	 - 	cl13833
Q#356 - WP_040665879.1	specific	223325	812	1256	1.70887e-52	189.384	COG0247	GlpC	 - 	cl33814
Q#356 - WP_040665879.1	specific	223354	136	773	2.80851e-51	188.18	COG0277	GlcD	 - 	cl33825
Q#357 - WP_041961248.1	specific	236412	11	423	0	542.407	PRK09204	secY	 - 	cl35785
Q#358 - WP_040666445.1	superfamily	351091	1	214	4.20792e-105	301.638	cl00429	SNARE_assoc superfamily	 - 	 - 
Q#359 - WP_003770090.1	specific	129461	6	205	2.30246e-106	304.316	TIGR00364	TIGR00364	 - 	cl00292
Q#360 - WP_040665856.1	specific	235544	1	195	5.8194e-115	325.521	PRK05647	purN	 - 	cl00395
Q#361 - WP_003774518.1	specific	179108	1	237	2.14854e-142	397.9	PRK00748	PRK00748	 - 	cl21457
Q#362 - WP_003775047.1	specific	234648	4	197	3.36758e-106	302.773	PRK00120	PRK00120	 - 	cl00276
Q#363 - WP_003772601.1	specific	237673	1	440	0	894.871	PRK14325	PRK14325	 - 	cl36368
Q#364 - WP_003772549.1	specific	234564	1	214	1.40862e-129	362.896	PRK00001	rplC	 - 	cl00324
Q#365 - WP_041961346.1	specific	235783	1	432	0	685.65	PRK06349	PRK06349	 - 	cl35469
Q#366 - WP_041961369.1	superfamily	182343	2	314	8.29426e-148	417.926	cl32491	PRK10262 superfamily	 - 	 - 
Q#367 - WP_041961576.1	specific	236794	16	677	0	1004.67	PRK10917	PRK10917	 - 	cl35971
Q#368 - WP_003769530.1	specific	240639	5	308	1.28767e-177	492.738	cd12162	2-Hacid_dh_4	 - 	cl21454
Q#369 - WP_003769432.1	specific	225447	1	270	1.96238e-173	479.04	COG2894	MinD	 - 	cl34512
Q#370 - WP_004565787.1	specific	234825	4	346	9.9554e-156	441.107	PRK00726	murG	 - 	cl35118
Q#371 - WP_041961421.1	specific	130146	2	660	0	1116.75	TIGR01074	rep	 - 	cl31058
Q#372 - WP_003773895.1	specific	235536	2	305	2.84772e-128	367.552	PRK05627	PRK05627	 - 	cl35351
Q#373 - WP_003770169.1	specific	234802	4	149	1.44855e-99	282.053	PRK00601	dut	 - 	cl00493
Q#374 - WP_003775012.1	specific	234814	1	205	1.33533e-92	268.976	PRK00698	tmk	 - 	cl29752
Q#375 - WP_041961213.1	superfamily	275105	32	230	2.78323e-77	235.1	cl37413	nucleoid_noc superfamily	C	 - 
Q#376 - WP_003773641.1	superfamily	320982	3	505	0	619.77	cl00456	SLC5-6-like_sbd superfamily	 - 	 - 
Q#377 - WP_003772285.1	specific	223659	1	200	5.047e-45	148.584	COG0586	DedA	 - 	cl29189
Q#378 - WP_040665821.1	specific	234678	1	376	0	676.523	PRK00175	metX	 - 	cl21494
Q#379 - WP_003770475.1	specific	234664	10	356	0	579.334	PRK00143	mnmA	 - 	cl00292
Q#380 - WP_041961334.1	specific	235551	1	589	0	718.164	PRK05667	dnaG	 - 	cl35360
Q#381 - WP_040666055.1	specific	224109	1	88	7.97732e-32	107.771	COG1188	HslR	 - 	cl09940
Q#382 - WP_040665734.1	superfamily	131014	8	419	0	712.183	cl31152	nuoF_fam superfamily	 - 	 - 
Q#383 - WP_003770717.1	specific	200072	10	109	2.30295e-48	149.362	TIGR01068	thioredoxin	 - 	cl00388
Q#384 - WP_003774461.1	specific	223816	3	225	4.67888e-77	231.417	COG0745	OmpR	 - 	cl34028
Q#385 - WP_003770331.1	specific	223390	14	288	2.20483e-110	320.307	COG0313	RsmI	 - 	cl00304
Q#386 - WP_003770948.1	specific	225397	1	71	3.91562e-21	78.193	COG2841	YdcH	 - 	cl01070
Q#387 - WP_003773657.1	specific	178955	4	205	3.19695e-154	424.962	PRK00277	clpP	 - 	cl23717
Q#388 - WP_040666467.1	specific	234607	2	427	0	809.678	PRK00062	PRK00062	 - 	cl35054
Q#389 - WP_040666275.1	specific	234948	1	303	2.18022e-180	499.252	PRK01372	ddl	 - 	cl35154
Q#390 - WP_003771552.1	superfamily	236729	1	636	0	710.401	cl35934	PRK10636 superfamily	 - 	 - 
Q#391 - WP_041961621.1	specific	274034	3	416	9.27509e-160	455.968	TIGR02212	lolCE	 - 	cl30308
Q#392 - WP_003773950.1	specific	236996	1	271	0	546.328	PRK11830	dapD	 - 	cl36065
Q#393 - WP_003775656.1	specific	273415	1	403	0	561.911	TIGR01048	lysA	 - 	cl36804
Q#394 - WP_003771149.1	specific	234567	1	308	1.29002e-160	449.574	PRK00005	fmt	 - 	cl35043
Q#395 - WP_003775163.1	specific	235350	7	237	1.2506e-157	436.123	PRK05134	PRK05134	 - 	cl29228
Q#396 - WP_003774762.1	specific	238817	4	246	9.04264e-120	341.824	cd01639	IMPase	 - 	cl00289
Q#397 - WP_041961558.1	specific	234942	1	542	0	536.377	PRK01318	PRK01318	 - 	cl35152
Q#398 - WP_003769955.1	specific	224929	3	120	5.59818e-34	113.932	COG2018	COG2018	 - 	cl00886
Q#399 - WP_041961512.1	superfamily	354815	1	133	2.72517e-54	167.214	cl21459	HTH superfamily	 - 	 - 
Q#400 - WP_003770702.1	specific	238901	4	160	1.75596e-80	234.645	cd01920	cyclophilin_EcCYP_like	 - 	cl00197
Q#401 - WP_003775306.1	specific	235390	1	258	2.93016e-159	442.23	PRK05289	PRK05289	 - 	cl35298
Q#402 - WP_004565793.1	specific	236468	9	408	1.63858e-161	459.232	PRK09330	PRK09330	 - 	cl10017
Q#403 - WP_003775535.1	specific	234787	8	119	5.83228e-52	159.512	PRK00521	rbfA	 - 	cl00542
Q#404 - WP_039408163.1	specific	235495	1	177	2.86988e-110	311.225	PRK05498	rplF	 - 	cl35330
Q#405 - WP_040665610.1	specific	349453	113	368	2.74967e-171	477.443	cd06234	M14_PaCCP-like	 - 	cl11393
Q#406 - WP_041961449.1	specific	235457	3	190	5.63635e-93	268.506	PRK05426	PRK05426	 - 	cl00352
Q#407 - WP_003772450.1	specific	275223	2	149	1.28962e-68	204.247	TIGR04430	OM_asym_MlaD	 - 	cl29848
Q#408 - WP_003770220.1	specific	180240	1	156	1.78202e-55	171.112	PRK05759	PRK05759	 - 	cl32090
Q#409 - WP_003773777.1	superfamily	226910	2	276	4.00153e-122	350.148	cl34770	CorC superfamily	 - 	 - 
Q#410 - WP_041961316.1	specific	223864	8	412	2.15905e-140	409.799	COG0793	CtpA	 - 	cl34043
Q#411 - WP_081456078.1	specific	236991	1	335	0	562.833	PRK11815	PRK11815	 - 	cl21457
Q#412 - WP_003772571.1	specific	181574	1	101	2.7528e-52	158.775	PRK08881	rpsN	 - 	cl00355
Q#413 - WP_003771657.1	specific	234820	1	156	3.03256e-92	264.711	PRK00714	PRK00714	 - 	cl00447
Q#414 - WP_003774653.1	specific	153099	2	154	7.32656e-72	212.406	cd00907	Bacterioferritin	 - 	cl00264
Q#415 - WP_040666131.1	superfamily	182729	2	327	3.79048e-140	402.222	cl32575	ribD superfamily	 - 	 - 
Q#416 - WP_041961392.1	specific	223542	9	790	0	1292.13	COG0466	Lon	 - 	cl33893
Q#417 - WP_041961415.1	superfamily	351392	1	299	1.15556e-135	385.953	cl01122	RdgC superfamily	 - 	 - 
Q#418 - WP_040665850.1	specific	235515	1	224	6.48468e-129	362.194	PRK05581	PRK05581	 - 	cl21457
Q#419 - WP_041961329.1	specific	181647	8	384	0	867.74	PRK09101	nrdB	 - 	cl00264
Q#420 - WP_003769726.1	specific	260003	7	184	5.91451e-88	255.758	cd07182	RNase_HII_bacteria_HII_like	 - 	cl14782
Q#421 - WP_041961284.1	specific	225138	1	178	1.10614e-61	188.823	COG2229	Srp102	 - 	cl21455
Q#422 - WP_040666466.1	specific	224936	1	310	6.78032e-121	349.211	COG2025	FixB	 - 	cl34395
Q#423 - WP_040666420.1	specific	236424	1	846	0	1780.49	PRK09238	PRK09238	 - 	cl30658
Q#424 - WP_041961261.1	specific	337804	94	339	5.11095e-150	422.241	pfam10609	ParA	 - 	cl25403
Q#425 - WP_003774335.1	specific	234686	4	137	2.07965e-46	146.862	PRK00202	nusB	 - 	cl00223
Q#426 - WP_003770670.1	superfamily	357560	133	601	0	673.205	cl30684	PRK06292 superfamily	 - 	 - 
Q#426 - WP_003770670.1	superfamily	237000	4	76	3.29776e-20	94.1192	cl36068	PRK11855 superfamily	C	 - 
Q#427 - WP_003772002.1	specific	235491	1	328	0	713.015	PRK05479	PRK05479	 - 	cl29486
Q#428 - WP_041961208.1	specific	236385	3	394	0	625.813	PRK09126	PRK09126	 - 	cl35769
Q#429 - WP_003775283.1	specific	178850	1	185	4.15387e-104	296.617	PRK00083	frr	 - 	cl00240
Q#430 - WP_004565792.1	specific	273483	7	377	0	510.254	TIGR01174	ftsA	 - 	cl36835
Q#431 - WP_003773897.1	specific	223836	7	247	1.78356e-55	176.926	COG0765	HisM	 - 	cl34036
Q#432 - WP_040665786.1	specific	188046	3	99	1.65299e-64	189.598	TIGR00365	TIGR00365	 - 	cl00388
Q#433 - WP_040666265.1	specific	235843	1	405	0	685.693	PRK06635	PRK06635	 - 	cl35499
Q#434 - WP_082019635.1	specific	130156	39	313	1.0501e-141	403.329	TIGR01084	mutY	 - 	cl30725
Q#434 - WP_082019635.1	specific	339389	268	369	5.32455e-15	70.4181	pfam14815	NUDIX_4	 - 	cl00447
Q#435 - WP_003769529.1	specific	334967	3	143	2.36494e-70	207.706	pfam02556	SecB	 - 	cl00251
Q#436 - WP_003771754.1	specific	234741	1	277	1.77295e-161	449.182	PRK00380	panC	 - 	cl00015
Q#437 - WP_003773799.1	specific	234752	1	631	0	1263.84	PRK00413	thrS	 - 	cl35095
Q#438 - WP_003770450.1	superfamily	351077	2	106	1.63109e-62	185.027	cl00400	Fe-S_biosyn superfamily	 - 	 - 
Q#439 - WP_041961317.1	superfamily	180780	2	566	0	892.618	cl32181	PRK06965 superfamily	 - 	 - 
Q#440 - WP_003773730.1	specific	235836	4	664	0	831.342	PRK06590	PRK06590	 - 	cl35495
Q#441 - WP_003771346.1	specific	234801	2	358	0	690.663	PRK00591	prfA	 - 	cl30486
Q#442 - WP_003769847.1	superfamily	183285	18	497	0	590.445	cl32724	PRK11712 superfamily	 - 	 - 
Q#443 - WP_040666552.1	specific	238239	16	170	6.6862e-69	205.788	cd00412	pyrophosphatase	 - 	cl00217
Q#444 - WP_003773549.1	specific	223194	2	379	5.17467e-137	395.524	COG0116	RlmL	 - 	cl30459
Q#445 - WP_041961370.1	specific	236476	23	356	0	666.496	PRK09354	recA	 - 	cl35814
Q#446 - WP_003774232.1	specific	225327	1	282	8.66851e-153	428.29	COG2607	COG2607	 - 	cl21455
Q#447 - WP_003773889.1	specific	236486	1	415	0	769.967	PRK09369	PRK09369	 - 	cl00288
Q#448 - WP_003774037.1	specific	273435	20	480	0	649.763	TIGR01085	murE	 - 	cl36817
Q#449 - WP_041961205.1	specific	236966	1	710	0	956.585	PRK11747	dinG	 - 	cl36049
Q#450 - WP_003773678.1	specific	223976	1	145	5.88038e-41	134.689	COG1047	SlpA	 - 	cl26395
Q#451 - WP_040666488.1	specific	234568	1	149	5.22968e-86	247.721	PRK00006	fabZ	 - 	cl00509
Q#452 - WP_041961281.1	specific	234715	1	642	0	1209.17	PRK00290	dnaK	 - 	cl35085
Q#453 - WP_040665567.1	specific	234729	1	612	0	984.151	PRK00331	PRK00331	 - 	cl35088
Q#454 - WP_003772945.1	specific	223699	2	388	2.55444e-175	493.644	COG0626	MetC	 - 	cl18945
Q#455 - WP_041961556.1	superfamily	273594	6	593	0	872.087	cl36892	recQ superfamily	 - 	 - 
Q#456 - WP_041961349.1	specific	225104	1	157	5.85027e-64	192.535	COG2193	Bfr	 - 	cl00264
Q#457 - WP_003772331.1	specific	224146	5	144	1.89631e-69	205.958	COG1225	Bcp	 - 	cl00388
Q#458 - WP_003771621.1	specific	236490	1	418	0	830.168	PRK09376	rho	 - 	cl35817
Q#459 - WP_003769911.1	superfamily	351099	1	185	1.51688e-54	170.799	cl00453	CDP-OH_P_transf superfamily	 - 	 - 
Q#460 - WP_040665688.1	specific	234745	5	197	6.69688e-130	362.621	PRK00393	ribA	 - 	cl00522
Q#461 - WP_003773557.1	specific	235424	1	562	0	1145.61	PRK05347	PRK05347	 - 	cl35308
Q#462 - WP_040666352.1	superfamily	354317	1	261	1.87785e-138	389.784	cl17173	AdoMet_MTases superfamily	 - 	 - 
Q#463 - WP_003774466.1	specific	236995	1	695	0	1310.81	PRK11824	PRK11824	 - 	cl36064
Q#464 - WP_041961239.1	specific	234749	1	1398	0	2162.15	PRK00405	rpoB	 - 	cl35093
Q#465 - WP_003774048.1	specific	167786	1	445	0	786.384	PRK04308	murD	 - 	cl31564
Q#466 - WP_041961634.1	specific	235777	1	152	8.99761e-69	204.646	PRK06302	PRK06302	 - 	cl35466
Q#467 - WP_041961611.1	specific	235439	5	331	0	619.03	PRK05385	PRK05385	 - 	cl35314
Q#468 - WP_003770625.1	specific	237681	1	200	1.40482e-130	365.358	PRK14342	PRK14342	 - 	cl14057
Q#469 - WP_003771061.1	specific	224475	26	331	4.8165e-128	369.3	COG1559	YceG	 - 	cl18961
Q#470 - WP_003775416.1	specific	335747	1	87	3.1999e-58	172.696	pfam04362	Iron_traffic	 - 	cl01104
Q#471 - WP_040666364.1	specific	184186	2	112	2.75557e-75	217.871	PRK13623	PRK13623	 - 	cl00400
Q#472 - WP_003772573.1	specific	234658	2	130	7.0159e-83	238.413	PRK00136	rpsH	 - 	cl00330
Q#473 - WP_041961545.1	specific	235501	1	659	0	1016.57	PRK05559	PRK05559	 - 	cl35334
Q#474 - WP_003775384.1	specific	133044	2	222	8.87375e-95	275.989	cd06422	NTP_transferase_like_1	 - 	cl11394
Q#475 - WP_003774804.1	specific	234693	1	157	4.52154e-83	241.165	PRK00226	greA	 - 	cl35077
Q#476 - WP_003773656.1	specific	234682	2	338	2.19123e-154	436.432	PRK00188	trpD	 - 	cl29556
Q#477 - WP_041961229.1	specific	224997	1	248	4.33124e-95	279.155	COG2086	FixA	 - 	cl00292
Q#478 - WP_003770570.1	specific	235489	1	475	0	835.49	PRK05477	gatB	 - 	cl35329
Q#479 - WP_003772399.1	specific	235987	4	414	0	731.205	PRK07314	PRK07314	 - 	cl09938
Q#480 - WP_003769958.1	specific	237139	1	371	0	666.008	PRK12564	PRK12564	 - 	cl36145
Q#481 - WP_003770010.1	specific	234595	3	266	5.34105e-129	366.003	PRK00048	PRK00048	 - 	cl29298
Q#482 - WP_041961282.1	specific	223930	1	242	6.83831e-82	254.826	COG0861	TerC	 - 	cl10468
Q#482 - WP_041961282.1	specific	224173	248	520	4.5712e-70	230.261	COG1253	TlyC	N	cl34211
Q#483 - WP_003774575.1	specific	179085	3	135	1.44614e-92	263.506	PRK00668	ndk	 - 	cl00335
Q#484 - WP_049249225.1	superfamily	225433	2	70	1.72548e-06	43.215	cl34507	RnfB superfamily	N	 - 
Q#485 - WP_003769451.1	superfamily	182814	13	323	4.74822e-145	411.809	cl32603	PRK10892 superfamily	 - 	 - 
Q#486 - WP_081456068.1	specific	234577	34	276	5.68719e-124	353.678	PRK00021	truA	 - 	cl35045
Q#487 - WP_003770747.1	specific	225508	1	75	2.3e-27	95.2481	COG2960	YqiC	 - 	cl01115
Q#488 - WP_003772069.1	specific	234639	8	142	6.98413e-58	176.494	PRK00109	PRK00109	 - 	cl21482
Q#489 - WP_003769573.1	specific	235576	1	253	4.94866e-160	443.807	PRK05716	PRK05716	 - 	cl00279
Q#490 - WP_003772451.1	specific	223838	1	256	1.49987e-88	263.294	COG0767	MlaE	 - 	cl00510
Q#491 - WP_003775493.1	superfamily	131266	5	223	3.4428e-126	355.506	cl31181	LolD_lipo_ex superfamily	 - 	 - 
Q#492 - WP_003774159.1	specific	235107	1	275	3.77129e-169	469.571	PRK03170	PRK03170	 - 	cl21457
Q#493 - WP_003771302.1	specific	235429	4	184	1.59629e-126	352.92	PRK05359	PRK05359	 - 	cl10012
Q#494 - WP_003773732.1	specific	180218	1	101	1.13297e-39	126.83	PRK05715	PRK05715	 - 	cl00492
Q#495 - WP_040665678.1	specific	334372	17	380	3.53486e-175	491.274	pfam01070	FMN_dh	 - 	cl29523
Q#496 - WP_041961546.1	specific	224099	15	507	1.03042e-72	239.849	COG1178	FbpB	 - 	cl34161
Q#497 - WP_003770713.1	specific	179143	1	459	0	842.505	PRK00855	PRK00855	 - 	cl32007

